{
    "(34, -116)": [
        2244867.4239993687,
        2584863.206320701,
        2924854.9335960755,
        3264844.5587983737,
        3604832.086447538,
        3944817.5671367045,
        5077611.047467528,
        5417585.776645004,
        5757558.175087868,
        8364836.434966149,
        8704926.318081558,
        9045015.995048698,
        9385103.750766808,
        9725078.79943067,
        13917187.843600214,
        14257112.506964974,
        17459990.56502765,
        17799899.300635166,
        18139808.40018898,
        18479787.767217472,
        18819778.105762795,
        19159766.14987176,
        19499752.49508053,
        19839737.71423609,
        20179720.796107832,
        22899693.398831677,
        23239754.485816646,
        23579820.287526444,
        23919880.94749945,
        24259927.31179316,
        24599883.751563713,
        24939838.496129934,
        25279791.39953286,
        30152280.206727587,
        30492259.007682998,
        30832234.67994111,
        31172206.796197124,
        31512176.719002057
    ],
    "(36, -118)": [
        2161308.7894002786,
        2501304.5140463705,
        2841298.078869759,
        3181287.9551659226,
        3521276.018669188,
        3861261.9356711535,
        4201246.239893375,
        7261097.878442228,
        7601136.645147145,
        7941172.48925131,
        8281254.825894291,
        8621344.266732398,
        12361084.513480607,
        12701020.191960871,
        13040954.044397416,
        13380884.672443096,
        13917140.667326516,
        14257065.338873092,
        14596988.812930882,
        14936911.171589078,
        18736221.353177257,
        19076209.823320925,
        19416196.603918016,
        19756181.984126627,
        20096166.080058265,
        23156178.356923874,
        28595913.83745806,
        28935912.88086241,
        29275904.0331083,
        29615890.41005939,
        29955873.336847015,
        30295853.515928544
    ],
    "(38, -121)": [
        2077751.7581356172,
        2417748.650736869,
        2757742.654415907,
        3097732.813803374,
        3437721.441839754,
        3777707.906941235,
        4117692.661443889,
        7177530.439599811,
        7517569.552657301,
        7857606.359606924,
        8197674.845521154,
        8537764.660871092,
        12277542.277338201,
        12617478.665194089,
        12957412.575296585,
        13297344.317153523,
        13637272.723135417,
        13917091.753198452,
        14257016.433505481,
        14596939.909075554,
        14936862.27277046,
        19332642.17010825,
        19672627.969177417,
        20012612.448345125,
        23072603.49078815,
        28512354.816220697,
        28852356.246362384,
        29192348.818162028,
        29532336.4376368,
        29872320.099716984,
        30212301.06532651,
        31172110.719863944,
        31512080.641973063
    ],
    "(39.5, -122)": [
        61763.82618850465,
        401667.7302891612,
        14573497.333044473,
        14596901.809452109,
        14913419.857127126,
        14936824.176640324,
        15253340.889567683,
        15276745.105117261,
        15616663.905207923,
        15956580.753039178,
        16296562.306382366,
        16636540.00612729
    ]
}